{"cameraMode":{"drawMode":0,"name":"Shaded","section":"Shading Mode"},"sceneLighting":false,"audioPlay":false,"sceneViewState":{"showFog":true,"showMaterialUpdate":true,"showSkybox":true,"showFlares":true,"showImageEffects":true,"showParticleSystems":true},"in2DMode":false,"pivot":{"x":25.944705963134767,"y":-26.829919815063478,"z":580.3302612304688},"rotation":{"x":0.0194384902715683,"y":0.07850596308708191,"z":-0.0015309080481529236,"w":0.9967243671417236},"size":27.82416343688965,"orthographic":false}