{"cameraMode":{"drawMode":0,"name":"Shaded","section":"Shading Mode"},"sceneLighting":false,"audioPlay":false,"sceneViewState":{"showFog":true,"showMaterialUpdate":true,"showSkybox":true,"showFlares":true,"showImageEffects":true,"showParticleSystems":true},"in2DMode":false,"pivot":{"x":201.8492889404297,"y":108.46505737304688,"z":300.0},"rotation":{"x":0.0024747319985181095,"y":0.5439421534538269,"z":-0.001697978237643838,"w":0.8391700387001038},"size":389.7314453125,"orthographic":true}