{"cameraMode":{"drawMode":0,"name":"Shaded","section":"Shading Mode"},"sceneLighting":false,"audioPlay":false,"sceneViewState":{"showFog":true,"showMaterialUpdate":false,"showSkybox":false,"showFlares":true,"showImageEffects":true,"showParticleSystems":true},"in2DMode":false,"pivot":{"x":-0.01824951171875,"y":-0.000030517578125,"z":0.000014257499969971832},"rotation":{"x":0.10179682075977326,"y":0.02267586626112461,"z":-0.00232108635827899,"w":0.9945451021194458},"size":897.2872314453125,"orthographic":true}