{"cameraMode":{"drawMode":0,"name":"Shaded","section":"Shading Mode"},"sceneLighting":false,"audioPlay":false,"sceneViewState":{"showFog":true,"showMaterialUpdate":false,"showSkybox":false,"showFlares":true,"showImageEffects":true,"showParticleSystems":true},"in2DMode":false,"pivot":{"x":226.06219482421876,"y":-12.63379192352295,"z":553.529541015625},"rotation":{"x":-0.025675727054476739,"y":0.09313236176967621,"z":0.0024130716919898988,"w":0.9953505992889404},"size":18.516218185424806,"orthographic":false}